"","x"
"1",3
"2",2603
"3",383
"4",14
"5",1
"6",1
"7",2
"8",1
"9",1
"10",9
"11",2
"12",1
"13",4
"14",32
"15",2
"16",2
"17",1
"18",2
"19",3
"20",1
"21",1
"22",1
"23",1
"24",1
"25",1
"26",10
"27",1
"28",49
"29",1
"30",3
"31",2
"32",1
"33",2
"34",3
"35",1
"36",3
"37",1
"38",2
"39",5
"40",1
"41",1
"42",1
"43",1
"44",1
"45",1
"46",1
"47",2
"48",52
"49",1
"50",1
"51",1
"52",3
"53",1
"54",1
"55",1
"56",2
"57",1
"58",2
"59",5
"60",2
"61",1
"62",1
"63",1
"64",1
"65",1
"66",2
"67",2
"68",2
"69",1
"70",1
"71",1
"72",57
"73",1
"74",16
"75",3
"76",1
"77",1
"78",14
"79",21
"80",1
"81",3
"82",1
"83",2
"84",1
"85",50
"86",2
"87",19
"88",3
"89",1
"90",1
"91",4
"92",4
"93",7
"94",6
"95",3
"96",1
"97",2
"98",4
"99",2
"100",1
"101",1
"102",1
"103",3
"104",1
"105",14
"106",2
"107",2
"108",1
"109",2
"110",49
"111",1
"112",1
"113",11
"114",1
"115",2
"116",1
"117",1
"118",1
"119",1
"120",1
"121",2
"122",2
"123",1
"124",6
"125",18
"126",1
"127",1
"128",1
"129",3
"130",1
"131",1
"132",1
"133",5
"134",1
"135",2
"136",2
"137",1
"138",25
"139",2
"140",3
"141",1
"142",1
"143",3
"144",1
"145",14
"146",1
"147",4
"148",1
"149",1
"150",5
"151",11
"152",3
"153",3
"154",8
"155",2
"156",1
"157",55
"158",1
"159",43
"160",1
"161",37
"162",2
"163",1
"164",2
"165",3
"166",2
"167",1
"168",1
"169",1
"170",9
"171",1
"172",10
"173",3
"174",100
"175",1
"176",1
"177",2
"178",1
"179",1
"180",27
"181",4
"182",1
"183",2
"184",1
"185",6
"186",1
"187",1
"188",1
"189",2
"190",1
"191",1
"192",5
"193",51
"194",1
"195",1
"196",3
"197",18
"198",11
"199",42
"200",1
"201",4
"202",1
"203",8
"204",1
"205",1
"206",1
"207",108
"208",1
"209",2
"210",5
"211",1
"212",4
"213",1
"214",1
"215",1
"216",1
"217",1
"218",2
"219",2
"220",1
"221",10
"222",5
"223",1
"224",36
"225",2
"226",6
"227",9
"228",40
"229",18
"230",2
"231",1
"232",53
"233",7
"234",1
"235",1
"236",2
"237",3
"238",2
"239",3
"240",2
"241",1
"242",1
"243",3
"244",2
"245",1
"246",1
"247",1
"248",1
"249",2
"250",4
"251",1
"252",1
"253",8
"254",1
"255",1
"256",12
"257",3
"258",1
"259",3
"260",1
"261",3
"262",1
"263",1
"264",4
"265",1
"266",4
"267",1
"268",1
"269",1
"270",1
"271",1
"272",3
"273",1
"274",1
"275",1
"276",1
"277",2
"278",2
"279",1
"280",1
"281",41
"282",1
"283",1
"284",54
"285",384
"286",2467
"287",3
"288",1
"289",1
"290",1
"291",7
"292",33
"293",1
"294",1
"295",1
"296",1
"297",1
"298",1
"299",6
"300",6
"301",1
"302",1
"303",1
"304",1
"305",1
"306",1
"307",1
"308",2
"309",13
"310",4
"311",1
"312",625
"313",1
"314",1
"315",3
"316",1
"317",6
"318",2
"319",1
"320",1
"321",4
"322",1
"323",17
"324",1
"325",1
"326",1
"327",1
"328",1
"329",1
"330",4
"331",6
"332",32
"333",1
"334",1
"335",2
"336",1
"337",1
"338",2
"339",8
"340",3
"341",172
"342",2
"343",1
"344",2
"345",2
"346",10
"347",1
"348",267
"349",1
"350",1
"351",1
"352",2
"353",27
"354",1
"355",2
"356",2
"357",208
"358",1
"359",2
"360",1
"361",2
"362",1
"363",1
"364",1
"365",37
"366",2
"367",8
"368",1
"369",1
"370",4
"371",1
"372",1
"373",1
"374",1
"375",1
"376",1
"377",1
"378",5
"379",3
"380",3
"381",3
"382",2
"383",8
"384",2
"385",1
"386",1
"387",3
"388",7
"389",2
"390",1
"391",28
"392",1
"393",1
"394",1
"395",43
"396",9
"397",1
"398",1
"399",1
"400",1
"401",10
"402",1
"403",1
"404",5
"405",10
"406",9
"407",2
"408",2
"409",13
"410",1
"411",2
"412",3
"413",1
"414",2
"415",4
"416",3
"417",2
"418",6
"419",1
"420",1
"421",1
"422",5
"423",1
"424",8
"425",1
"426",14
"427",1
"428",10
"429",2
"430",2
"431",1
"432",2
"433",3
"434",3
"435",2
"436",1
"437",6
"438",1
"439",1
"440",2
"441",21
"442",1
"443",1
"444",1
"445",1
"446",2
"447",3
"448",1
"449",1
"450",1
"451",1
"452",1
"453",3
"454",1
"455",1
"456",1
"457",1
"458",13
"459",1
"460",13
"461",1
"462",2
"463",96
"464",1
"465",1
"466",1
"467",4
"468",1
"469",1
"470",1
"471",1
"472",4
"473",12
"474",24
"475",14
"476",5
"477",1
"478",3
"479",1
"480",5
"481",3
"482",14
"483",1
"484",1
"485",1
"486",1
"487",1
"488",1
"489",1
"490",1
"491",1
"492",4
"493",2
"494",4
"495",6
"496",1
"497",5
"498",2
"499",1
"500",3
"501",1
"502",113
"503",3
"504",1
"505",7
"506",17
"507",5
"508",1
"509",3
"510",1
"511",1
"512",24
"513",2
"514",1
"515",1
"516",2
"517",1
"518",1
"519",2
"520",1
"521",1
"522",1
"523",1
"524",1
"525",4
"526",2
"527",1
"528",10
"529",1
"530",34
"531",1
"532",1
"533",1
"534",1
"535",1
"536",1
"537",1
"538",4
"539",4
"540",1
"541",1
"542",1
"543",2
"544",2
"545",8
"546",2
"547",7
"548",1
"549",7
"550",1
"551",1
"552",1
"553",1
"554",1
"555",1
"556",1
"557",2
"558",2151
"559",1
"560",1
"561",1
"562",8
"563",1
"564",1
"565",4
"566",1
"567",2
"568",1
"569",2
"570",2
"571",1
"572",192
"573",1
"574",1
"575",1
"576",1
"577",5
"578",1
"579",34
"580",1
"581",2
"582",3
"583",9
"584",1
"585",2
"586",2
"587",1
"588",7
"589",2
"590",2
"591",314
"592",25
"593",1
"594",1
"595",1
"596",2
"597",3
"598",26
"599",1
"600",1
"601",1
"602",1
"603",1
"604",1
"605",1
"606",4
"607",1
"608",6
"609",2
"610",2
"611",164
"612",1
"613",3
"614",1
"615",1
"616",13
"617",1
"618",1
"619",11
"620",5
"621",1
"622",8
"623",4
"624",6
"625",1
"626",2
"627",1
"628",1
"629",7
"630",1
"631",12
"632",1
"633",17
"634",337
"635",2
"636",1
"637",1
"638",1
"639",5
"640",1
"641",2
"642",5
"643",2
"644",1
"645",1
"646",2
"647",1
"648",1
"649",20
"650",1
"651",16
"652",10
"653",11
"654",1
"655",2
"656",11
"657",1
"658",1
"659",1
"660",1
"661",1
"662",2
"663",1
"664",2
"665",1
"666",5
"667",1
"668",4
"669",1
"670",1
"671",1
"672",3
"673",1
"674",1
"675",1
"676",1
"677",1
"678",25
"679",1
"680",1
"681",33
"682",1
"683",1
"684",2
"685",1
"686",1
"687",5
"688",3
"689",1
"690",6
"691",1
"692",1
"693",6
"694",1
"695",14
"696",1
"697",1
"698",1
"699",14
"700",1
"701",1
"702",3
"703",1
"704",1
"705",14
"706",5
"707",2
"708",1
"709",2
"710",76
"711",6
"712",4
"713",1
"714",1
"715",1
"716",25
"717",1
"718",19
"719",1
"720",2
"721",270
"722",18
"723",1
"724",1
"725",4
"726",3
"727",4
"728",1
"729",1
"730",1
"731",1
"732",1
"733",3
"734",1
"735",20
"736",3
"737",3
"738",1
"739",1
"740",1
"741",1
"742",1
"743",6
"744",1
"745",8
"746",8
"747",2
"748",1
"749",1
"750",1
"751",164
"752",1
"753",1
"754",1
"755",7
"756",1
"757",1
"758",4
"759",1
"760",1
"761",5
"762",2
"763",1
"764",1
"765",11
"766",4
"767",1
"768",1
"769",5
"770",1
"771",1
"772",1
"773",1
"774",31
"775",2
"776",1
"777",1
"778",5
"779",1
"780",2
"781",1
"782",1
"783",6
"784",2
"785",1
"786",1
"787",1
"788",9
"789",5
"790",1
"791",9
"792",4
"793",2
"794",6
"795",1
"796",7
"797",1
"798",1
"799",11
"800",1
"801",1
"802",1
"803",200
"804",2
"805",1
"806",1
"807",1
"808",6
"809",1
"810",15
"811",1
"812",5
"813",11
"814",2
"815",4
"816",21
"817",1
"818",1
"819",3
"820",1
"821",1
"822",1
"823",1
"824",1
"825",7
"826",2
"827",1
"828",43
"829",1
"830",1
"831",1
"832",47
"833",1
"834",5
"835",91
"836",1
"837",1
"838",1
"839",1
"840",2
"841",1
"842",2
"843",9
"844",2
"845",1
"846",1
"847",16
"848",27
"849",1
"850",1
"851",1
"852",1
"853",1
"854",1
"855",2
"856",6
"857",1
"858",38
"859",1
"860",1
"861",1
"862",2
"863",3
"864",2
"865",1
"866",5
"867",1
"868",5
"869",12
"870",4
"871",1
"872",5
"873",1
"874",1
"875",1
"876",2
"877",1
"878",1
"879",1
"880",1
"881",1
"882",5
"883",1
"884",1
"885",1
"886",1
"887",1
"888",2
"889",5
"890",3
"891",2
"892",5
"893",1
"894",3
"895",3
"896",1
"897",2
"898",2
"899",1
"900",2
"901",2231
"902",2
"903",3
"904",3
"905",9
"906",2
"907",5
"908",1
"909",6
"910",1
"911",1
"912",7
"913",1
"914",1
"915",3
"916",1
"917",1
"918",1
"919",1
"920",1
"921",3
"922",2
"923",1
"924",1
"925",159
"926",7
"927",1
"928",1
"929",1
"930",1
"931",4
"932",1
"933",1
"934",15
"935",24
"936",1
"937",1
"938",1
"939",39
"940",115
"941",2
"942",2
"943",25
"944",19
"945",1
"946",2
"947",1
"948",1
"949",2
"950",79
"951",1
"952",2
"953",1
"954",3
"955",47
"956",1
"957",2
"958",1
"959",2
"960",1
"961",1
"962",1
"963",1
"964",2
"965",1
"966",5
"967",1
"968",2
"969",1
"970",23
"971",3
"972",1
"973",1
"974",1
"975",1
"976",32
"977",2
"978",1
"979",3
"980",60
"981",2
"982",1
"983",4
"984",1
"985",1
"986",1
"987",1
"988",4
"989",49
"990",3
"991",1
"992",2
"993",20
"994",1
"995",2
"996",1
"997",27
"998",2
"999",1
"1000",101
"1001",1
"1002",3
"1003",11
"1004",3
"1005",6
"1006",32
"1007",2
"1008",1
"1009",5
"1010",21
"1011",1
"1012",5
"1013",1
"1014",1
"1015",1
"1016",1
"1017",232
"1018",1
"1019",3
"1020",4
"1021",2
"1022",1
"1023",7
"1024",1
"1025",1
"1026",2
"1027",38
"1028",3
"1029",4
"1030",1
"1031",3
"1032",2
"1033",2
"1034",32
"1035",16
"1036",8
"1037",1
"1038",1
"1039",8
"1040",6
"1041",1
"1042",2
"1043",1
"1044",89
"1045",6
"1046",2
"1047",2
"1048",1
"1049",432
"1050",5
"1051",1
"1052",1
"1053",5
"1054",17
"1055",1
"1056",1
"1057",1
"1058",3
"1059",1
"1060",1
"1061",7
"1062",5
"1063",1
"1064",9
"1065",1
"1066",1
"1067",140
"1068",1
"1069",1
"1070",1
"1071",1
"1072",1
"1073",2
"1074",1
"1075",15
"1076",4
"1077",2
"1078",1
"1079",1
"1080",4
"1081",1
"1082",1
"1083",1
"1084",1
"1085",1
"1086",2
"1087",1
"1088",1
"1089",1
"1090",6
"1091",8
"1092",3
"1093",5
"1094",4
"1095",1
"1096",22
"1097",1
"1098",1
"1099",1
"1100",4
"1101",3
"1102",1
"1103",3
"1104",23
"1105",1
"1106",1
"1107",1
"1108",1
"1109",1
"1110",2
"1111",3
"1112",3
"1113",1
"1114",2
"1115",2
"1116",2
"1117",179
"1118",1
"1119",1
"1120",1
"1121",3
"1122",3
"1123",4
"1124",1
"1125",28
"1126",1
"1127",1
"1128",1
"1129",5
"1130",1
"1131",1
"1132",2
"1133",5
"1134",2
"1135",1
"1136",1
"1137",3
"1138",1
"1139",2
"1140",1
"1141",98
"1142",2
"1143",2
"1144",5
"1145",19
"1146",1
"1147",1
"1148",2
"1149",1
"1150",2
"1151",4
"1152",1
"1153",76
"1154",1
"1155",1
"1156",1
"1157",1
"1158",22
"1159",1
"1160",1
"1161",1
"1162",4
"1163",4
"1164",1
"1165",2
"1166",41
"1167",1
"1168",3
"1169",1
"1170",9
"1171",41
"1172",1
"1173",2
"1174",2
"1175",1
"1176",1
"1177",2
"1178",2
"1179",4
"1180",1
"1181",1
"1182",1
"1183",3
"1184",1
"1185",1
"1186",1
"1187",2
"1188",4
"1189",3
"1190",1
"1191",1
"1192",1
"1193",1
"1194",2
"1195",2
"1196",1
"1197",1
"1198",1
"1199",1
"1200",1
"1201",1
"1202",1
"1203",1
"1204",1
"1205",2
"1206",1
"1207",6
"1208",1
"1209",2
"1210",3
"1211",1
"1212",1
"1213",1
"1214",452
"1215",710
"1216",15
"1217",1
"1218",211
"1219",16
"1220",2
"1221",1
"1222",40
"1223",5
"1224",140
"1225",12
"1226",12
"1227",5
"1228",1
"1229",3
"1230",4
"1231",40
"1232",135
"1233",14
"1234",1
"1235",2
"1236",61
"1237",3
"1238",1
"1239",1
"1240",7
"1241",1
"1242",1
"1243",1
"1244",6
"1245",1
"1246",11
"1247",2
"1248",1
"1249",1
"1250",11
"1251",5
"1252",29
"1253",10
"1254",17
"1255",1
"1256",2
"1257",2
"1258",4
"1259",1
"1260",3
"1261",1
"1262",19
"1263",12
"1264",11
"1265",1
"1266",1
"1267",5
"1268",46
"1269",4
"1270",1
"1271",2
"1272",7
"1273",1
"1274",1
"1275",1
"1276",1
"1277",1
"1278",1
"1279",1
"1280",23
"1281",1
"1282",3
"1283",2
"1284",1
"1285",26
"1286",4
"1287",2
"1288",1
"1289",2
"1290",44
"1291",13
"1292",1
"1293",1
"1294",1
"1295",2
"1296",1
"1297",2
"1298",1
"1299",1
"1300",1
"1301",2
"1302",6
"1303",1
"1304",1
"1305",1
"1306",10
"1307",4
"1308",1
"1309",3
"1310",2
"1311",2
"1312",1
"1313",1
"1314",11
"1315",1
"1316",1
"1317",1002
"1318",1
"1319",1
"1320",2
"1321",1
"1322",3
"1323",1
"1324",1
"1325",6
"1326",1
"1327",1
"1328",17
"1329",2
"1330",1
"1331",1
"1332",876
"1333",3
"1334",43
"1335",10
"1336",1
"1337",2
"1338",8
"1339",7
"1340",2
"1341",4
"1342",3
"1343",4
"1344",15
"1345",1
"1346",6
"1347",1
"1348",2
"1349",2
"1350",4
"1351",2
"1352",2
"1353",1
"1354",2
"1355",5
"1356",1
"1357",1
"1358",4
"1359",2
"1360",34
"1361",1
"1362",3
"1363",2
"1364",9
"1365",3
"1366",6
"1367",1
"1368",1
"1369",1
"1370",1
"1371",3
"1372",3
"1373",1
"1374",3
"1375",1
"1376",1
"1377",1
"1378",1
"1379",1
"1380",18
"1381",38
"1382",1
"1383",1
"1384",1
"1385",1
"1386",53
"1387",1
"1388",1
"1389",11
"1390",1
"1391",1
"1392",1
"1393",3
"1394",1
"1395",2
"1396",1
"1397",1
"1398",1
"1399",1
"1400",1
"1401",1
"1402",1
"1403",8
"1404",1
"1405",14
"1406",11
"1407",23
"1408",3
"1409",3
"1410",1
"1411",1
"1412",1
"1413",2
"1414",2
"1415",1
"1416",3
"1417",1
"1418",2
"1419",19
"1420",10
"1421",1
"1422",1
"1423",1
"1424",4
"1425",8
"1426",6
"1427",1
"1428",4
"1429",1
"1430",1
"1431",1
"1432",1
"1433",1
"1434",11
"1435",1
"1436",1
"1437",1
"1438",4
"1439",3
"1440",1
"1441",9
"1442",1
"1443",8
"1444",25
"1445",32
"1446",1
"1447",2
"1448",13
"1449",2
"1450",46
"1451",1
"1452",1
"1453",8
"1454",1
"1455",1
"1456",1
"1457",2
"1458",2
"1459",5
"1460",1
"1461",1
"1462",1
"1463",1
"1464",2
"1465",3
"1466",1
"1467",3
"1468",1
"1469",1
"1470",1
"1471",1
"1472",4
"1473",1
"1474",1
"1475",1
"1476",1
"1477",3
"1478",1
"1479",1
"1480",1
"1481",9
"1482",1
"1483",8
"1484",1
"1485",17
"1486",1
"1487",1
"1488",1
"1489",1
"1490",1
"1491",1
"1492",1
"1493",3
"1494",143
"1495",1
"1496",25
"1497",3
"1498",1
"1499",5
"1500",1
"1501",1
"1502",37
"1503",2
"1504",1
"1505",1
"1506",1
"1507",4
"1508",1
"1509",1
"1510",1
"1511",1
"1512",1
"1513",1
"1514",1
"1515",1
"1516",1
"1517",1
"1518",2
"1519",1
"1520",1
"1521",9
"1522",3
"1523",1
"1524",3
"1525",5
"1526",1
"1527",1
"1528",5
"1529",1
"1530",2
"1531",2
"1532",1
"1533",1
"1534",1
"1535",1447
"1536",128
"1537",79
"1538",1
"1539",5
"1540",756
"1541",2
"1542",1
"1543",6
"1544",8
"1545",1
"1546",1
"1547",6
"1548",1
"1549",1
"1550",1
"1551",1
"1552",356
"1553",6
"1554",15
"1555",1
"1556",19
"1557",1
"1558",1
"1559",1
"1560",1
"1561",1
"1562",1
"1563",1
"1564",1
"1565",1
"1566",1
"1567",2
"1568",5
"1569",7
"1570",2
"1571",1
"1572",2
"1573",10
"1574",23
"1575",11
"1576",4
"1577",1
"1578",1
"1579",1
"1580",84
"1581",1
"1582",28
"1583",3
"1584",3
"1585",1
"1586",1
"1587",5
"1588",1
"1589",1
"1590",1
"1591",1
"1592",1
"1593",2
"1594",1
"1595",1
"1596",1
"1597",1
"1598",1
"1599",1
"1600",2
"1601",1
"1602",5
"1603",1
"1604",1
"1605",4
"1606",1
"1607",1
"1608",1
"1609",5
"1610",2
"1611",10
"1612",1
"1613",5
"1614",1
"1615",1
"1616",5
"1617",9
"1618",1
"1619",1
"1620",1
"1621",23
"1622",1
"1623",3
"1624",1
"1625",13
"1626",1
"1627",1
"1628",4
"1629",2
"1630",6
"1631",1
"1632",40
"1633",1
"1634",76
"1635",33
"1636",1
"1637",36
"1638",2
"1639",1
"1640",1
"1641",1
"1642",1
"1643",1
"1644",3
"1645",1
"1646",2
"1647",3
"1648",11
"1649",1
"1650",31
"1651",1
"1652",27
"1653",1
"1654",1
"1655",1
"1656",9
"1657",1
"1658",1
"1659",17
"1660",8
"1661",2
"1662",4
"1663",441
"1664",1
"1665",56
"1666",2
"1667",1
"1668",2
"1669",1
"1670",3
"1671",6
"1672",2
"1673",2
"1674",1
"1675",261
"1676",1
"1677",4
"1678",2
"1679",1
"1680",10
"1681",1
"1682",1
"1683",2
"1684",3
"1685",3
"1686",2
"1687",1
"1688",1
"1689",1
"1690",5
"1691",1
"1692",2
"1693",1
"1694",21
"1695",3
"1696",1
"1697",1
"1698",2
"1699",7
"1700",1
"1701",1
"1702",10
"1703",3
"1704",7
"1705",10
"1706",1
"1707",1
"1708",5
"1709",4
"1710",1
"1711",1
"1712",2
"1713",1
"1714",1
"1715",1
"1716",1
"1717",1
"1718",43
"1719",1
"1720",1
"1721",1
"1722",1
"1723",1
"1724",1
"1725",3
"1726",8
"1727",1
"1728",1
"1729",4
"1730",46
"1731",4
"1732",6
"1733",17
"1734",20
"1735",1
"1736",1
"1737",2
"1738",1
"1739",1
"1740",1
"1741",8
"1742",355
"1743",1
"1744",2
"1745",1
"1746",7
"1747",1
"1748",1
"1749",150
"1750",1
"1751",11
"1752",7
"1753",2
"1754",2
"1755",29
"1756",6
"1757",1
"1758",1
"1759",9
"1760",1
"1761",1
"1762",1
"1763",1
"1764",1
"1765",4
"1766",1
"1767",3
"1768",1
"1769",3
"1770",1
"1771",1
"1772",1
"1773",1
"1774",2
"1775",6
"1776",2
"1777",1
"1778",1
"1779",4
"1780",6
"1781",4
"1782",3
"1783",1
"1784",1
"1785",3
"1786",1
"1787",2
"1788",13
"1789",2
"1790",2
"1791",1
"1792",1
"1793",1
"1794",1
"1795",50
"1796",1
"1797",2
"1798",2
"1799",1
"1800",2
"1801",2
"1802",1
"1803",2
"1804",1
"1805",8
"1806",1
"1807",2
"1808",1
"1809",1
"1810",2
"1811",1
"1812",4
"1813",7
"1814",7
"1815",2
"1816",2
"1817",1
"1818",4
"1819",1
"1820",2
"1821",1
"1822",1
"1823",3
"1824",19
"1825",6
"1826",1
"1827",5
"1828",1
"1829",2
"1830",3
"1831",1
"1832",1
"1833",2
"1834",1
"1835",418
"1836",51
"1837",1390
"1838",3
"1839",257
"1840",2
"1841",44
"1842",1
"1843",2
"1844",10
"1845",4
"1846",1
"1847",1
"1848",3
"1849",1
"1850",2
"1851",2
"1852",28
"1853",1
"1854",1
"1855",1
"1856",20
"1857",1
"1858",1
"1859",5
"1860",1
"1861",5
"1862",1
"1863",1
"1864",1
"1865",1
"1866",19
"1867",1
"1868",6
"1869",2
"1870",2
"1871",1
"1872",2
"1873",86
"1874",2
"1875",1
"1876",21
"1877",1
"1878",17
"1879",3
"1880",2
"1881",1
"1882",1
"1883",11
"1884",1
"1885",1
"1886",3
"1887",20
"1888",1
"1889",1
"1890",1
"1891",488
"1892",1
"1893",1
"1894",1
"1895",38
"1896",8
"1897",2
"1898",1
"1899",15
"1900",1
"1901",10
"1902",5
"1903",11
"1904",3
"1905",104
"1906",1
"1907",35
"1908",1
"1909",2
"1910",1
"1911",14
"1912",1
"1913",11
"1914",1
"1915",1
"1916",1
"1917",1
"1918",1
"1919",1
"1920",5
"1921",1
"1922",1
"1923",2
"1924",2
"1925",1
"1926",3
"1927",1
"1928",1
"1929",1070
"1930",3
"1931",1
"1932",21
"1933",10
"1934",1
"1935",1
"1936",3
"1937",1
"1938",121
"1939",5
"1940",1
"1941",10
"1942",2
"1943",2
"1944",1
"1945",1
"1946",1
"1947",1
"1948",7
"1949",1
"1950",3
"1951",1
"1952",3
"1953",1
"1954",1
"1955",13
"1956",8
"1957",1
"1958",1
"1959",6
"1960",4
"1961",1
"1962",1
"1963",2
"1964",16
"1965",14
"1966",1
"1967",9
"1968",26
"1969",5
"1970",1
"1971",1
"1972",4
"1973",2
"1974",3
"1975",1
"1976",1
"1977",7
"1978",1
"1979",1
"1980",1
"1981",1
"1982",1
"1983",1
"1984",1
"1985",2
"1986",3
"1987",3
"1988",3
"1989",1
"1990",3
"1991",8
"1992",3
"1993",5
"1994",10
"1995",1
"1996",1
"1997",1
"1998",1
"1999",3
"2000",6
"2001",1
"2002",1
"2003",3
"2004",1
"2005",1
"2006",1
"2007",1
"2008",6
"2009",1
"2010",1
"2011",2
"2012",2
"2013",2
"2014",84
"2015",1
"2016",2
"2017",7
"2018",2
"2019",2
"2020",3
"2021",1
"2022",2
"2023",2
"2024",1
"2025",1
"2026",1
"2027",2
"2028",1
"2029",4
"2030",1
"2031",3
"2032",1
"2033",14
"2034",5
"2035",5
"2036",3
"2037",1
"2038",2
"2039",1
"2040",2
"2041",3
"2042",1
"2043",1
"2044",1
"2045",33
"2046",1
"2047",1
"2048",259
"2049",1
"2050",3
"2051",1
"2052",1
"2053",17
"2054",1
"2055",1
"2056",7
"2057",1
"2058",1
"2059",1
"2060",1
"2061",1
"2062",1
"2063",8
"2064",6
"2065",5
"2066",1
"2067",13
"2068",1
"2069",2
"2070",1
"2071",1
"2072",1
"2073",47
"2074",16
"2075",10
"2076",5
"2077",15
"2078",1
"2079",48
"2080",1
"2081",1
"2082",1
"2083",1
"2084",1
"2085",2
"2086",3
"2087",1
"2088",2
"2089",5
"2090",1
"2091",1
"2092",3
"2093",1
"2094",1
"2095",1
"2096",4
"2097",1
"2098",1
"2099",1
"2100",14
"2101",1
"2102",1
"2103",2
"2104",1
"2105",3
"2106",1
"2107",1
"2108",1
"2109",6
"2110",2
"2111",1
"2112",3
"2113",1
"2114",2
"2115",1
"2116",3
"2117",3
"2118",1
"2119",2
"2120",90
"2121",4410
"2122",17
"2123",2
"2124",1
"2125",8
"2126",1
"2127",12
"2128",15
"2129",2
"2130",1
"2131",1
"2132",1
"2133",6
"2134",3
"2135",1
"2136",1
"2137",1
"2138",1
"2139",1
"2140",2
"2141",1
"2142",7
"2143",2
"2144",1
"2145",6
"2146",1
"2147",3
"2148",29
"2149",1
"2150",68
"2151",1
"2152",1
"2153",1
"2154",1
"2155",1
"2156",3
"2157",1
"2158",2
"2159",4
"2160",1
"2161",2
"2162",1
"2163",1
"2164",1
"2165",1
"2166",1
"2167",9
"2168",1
"2169",1
"2170",1
"2171",1
"2172",3
"2173",36
"2174",1
"2175",29
"2176",4
"2177",1
"2178",1
"2179",2
"2180",2
"2181",12
"2182",7
"2183",1
"2184",1
"2185",1
"2186",1
"2187",1
"2188",12
"2189",2
"2190",1
"2191",2
"2192",1
"2193",2
"2194",56
"2195",35
"2196",3
"2197",2
"2198",1
"2199",2
"2200",2
"2201",2
"2202",1
"2203",11
"2204",1
"2205",3
"2206",1
"2207",1
"2208",1
"2209",1
"2210",2
"2211",1
"2212",1
"2213",3
"2214",1
"2215",1
"2216",1
"2217",1
"2218",1
"2219",5
"2220",5
"2221",1
"2222",10
"2223",1
"2224",1
"2225",1
"2226",1
"2227",7
"2228",3
"2229",2
"2230",4
"2231",4
"2232",2
"2233",1
"2234",3
"2235",1
"2236",2
"2237",1
"2238",1
"2239",1
"2240",17
"2241",1
"2242",4
"2243",3
"2244",2
"2245",10
"2246",1
"2247",1
"2248",1
"2249",1
"2250",1
"2251",3
"2252",2
"2253",1
"2254",1
"2255",1
"2256",1
"2257",1
"2258",6
"2259",1
"2260",3
"2261",1
"2262",1
"2263",1
"2264",1
"2265",1
"2266",1
"2267",2
"2268",1
"2269",5
"2270",4
"2271",3
"2272",1
"2273",7
"2274",2
"2275",10
"2276",3
"2277",42
"2278",1
"2279",1
"2280",5
"2281",1
"2282",1
"2283",2
"2284",2
"2285",1
"2286",10
"2287",1
"2288",25
"2289",2
"2290",1
"2291",1
"2292",1
"2293",2
"2294",3
"2295",1
"2296",1
"2297",5
"2298",1
"2299",2
"2300",1
"2301",14
"2302",9
"2303",1
"2304",1
"2305",5
"2306",1
"2307",2
"2308",9
"2309",3
"2310",1
"2311",1
"2312",1
"2313",1
"2314",1
"2315",6
"2316",1
"2317",2
"2318",5
"2319",1
"2320",2
"2321",1
"2322",6
"2323",2
"2324",1
"2325",2
"2326",1
"2327",1
"2328",5
"2329",1
"2330",1
"2331",1
"2332",1
"2333",3
"2334",1
"2335",1
"2336",1
"2337",1
"2338",1
"2339",4
"2340",2
"2341",1
"2342",1
"2343",1
"2344",1
"2345",3
"2346",2
"2347",1
"2348",1
"2349",1
"2350",2
"2351",1
"2352",4
"2353",1
"2354",2
"2355",1
"2356",5
"2357",1
"2358",1
"2359",1
"2360",3
"2361",8
"2362",1
"2363",6
"2364",1
"2365",3
"2366",22
"2367",1
"2368",1
"2369",1
"2370",1
"2371",1
"2372",1
"2373",1
"2374",1
"2375",3
"2376",1
"2377",1
"2378",1
"2379",2
"2380",1
"2381",2546
"2382",1
"2383",25
"2384",30
"2385",2
"2386",1
"2387",1
"2388",1
"2389",2
"2390",2
"2391",12
"2392",1
"2393",2
"2394",1
"2395",1
"2396",3
"2397",1
"2398",1
"2399",1
"2400",592
"2401",1
"2402",1
"2403",2
"2404",1
"2405",3
"2406",1
"2407",3
"2408",4
"2409",1
"2410",2
"2411",1
"2412",1
"2413",1
"2414",1
"2415",15
"2416",1
"2417",20
"2418",1
"2419",1
"2420",12
"2421",1
"2422",6
"2423",1
"2424",3
"2425",1
"2426",1
"2427",3
"2428",16
"2429",7
"2430",6
"2431",1
"2432",169
"2433",1
"2434",1
"2435",2
"2436",2
"2437",2
"2438",1
"2439",1
"2440",5
"2441",35
"2442",1
"2443",1
"2444",3
"2445",2
"2446",213
"2447",8
"2448",1
"2449",3
"2450",5
"2451",1
"2452",1
"2453",2
"2454",1
"2455",1
"2456",4
"2457",2
"2458",1
"2459",1
"2460",18
"2461",1
"2462",2
"2463",5
"2464",14
"2465",3
"2466",1
"2467",2
"2468",1
"2469",1
"2470",41
"2471",1
"2472",7
"2473",1
"2474",1
"2475",11
"2476",7
"2477",5
"2478",1
"2479",1
"2480",60
"2481",1
"2482",1
"2483",2
"2484",1
"2485",1
"2486",25
"2487",1
"2488",25
"2489",7
"2490",67
"2491",2
"2492",1
"2493",1
"2494",1
"2495",4
"2496",161
"2497",1
"2498",66
"2499",1
"2500",1
"2501",1
"2502",1
"2503",6
"2504",1
"2505",4
"2506",4
"2507",1
"2508",3
"2509",2
"2510",2
"2511",2
"2512",1
"2513",3
"2514",4
"2515",1
"2516",3
"2517",1
"2518",2
"2519",1
"2520",3
"2521",1
"2522",1
"2523",1
"2524",14
"2525",1
"2526",1
"2527",1
"2528",1
"2529",1
"2530",1
"2531",2
"2532",3
"2533",1
"2534",31
"2535",3
"2536",4
"2537",1
"2538",1
"2539",1
"2540",1
"2541",1
"2542",2
"2543",1
"2544",1
"2545",3
"2546",1
"2547",1
"2548",1
"2549",6
"2550",1
"2551",3
"2552",1
"2553",181
"2554",2
"2555",6
"2556",37
"2557",16
"2558",7
"2559",1
"2560",1
"2561",1
"2562",90
"2563",4
"2564",1
"2565",2
"2566",1
"2567",1
"2568",1
"2569",1
"2570",2
"2571",1
"2572",1
"2573",1
"2574",1
"2575",3
"2576",6
"2577",63
"2578",6
"2579",5
"2580",1
"2581",2
"2582",11
"2583",3
"2584",1
"2585",1
"2586",1
"2587",2
"2588",1
"2589",1
"2590",1
"2591",124
"2592",1
"2593",3
"2594",1
"2595",1
"2596",1
"2597",1
"2598",1
"2599",5
"2600",1
"2601",9
"2602",1
"2603",82
"2604",1
"2605",4
"2606",2
"2607",18
"2608",4
"2609",1
"2610",1
"2611",5
"2612",2
"2613",3
"2614",19
"2615",1
"2616",1
"2617",1
"2618",1
"2619",1
"2620",2
"2621",2
"2622",14
"2623",8
"2624",12
"2625",1
"2626",2
"2627",2
"2628",1
"2629",2
"2630",1
"2631",3
"2632",1
"2633",2
"2634",1
"2635",1
"2636",3
"2637",1
"2638",1
"2639",1
"2640",25
"2641",1
"2642",1
"2643",3
"2644",1
"2645",6
"2646",2
"2647",1
"2648",1
"2649",6
"2650",1
"2651",1
"2652",1
"2653",3
"2654",4
"2655",1
"2656",1
"2657",1
"2658",1
"2659",1
"2660",1
"2661",1
"2662",3
"2663",1
"2664",1
"2665",19
"2666",457
"2667",456
"2668",33
"2669",2140
"2670",3
"2671",4
"2672",11
"2673",23
"2674",1
"2675",2
"2676",49
"2677",4
"2678",14
"2679",1
"2680",1
"2681",1
"2682",1
"2683",3
"2684",1
"2685",1
"2686",1
"2687",2
"2688",5
"2689",71
"2690",11
"2691",1
"2692",1
"2693",1
"2694",1
"2695",1
"2696",5
"2697",3
"2698",8
"2699",1
"2700",1
"2701",6
"2702",1
"2703",3
"2704",1
"2705",1
"2706",1
"2707",88
"2708",1
"2709",1
"2710",1
"2711",8
"2712",1
"2713",2
"2714",42
"2715",34
"2716",1
"2717",1
"2718",1
"2719",1
"2720",1
"2721",8
"2722",7
"2723",7
"2724",2
"2725",106
"2726",1
"2727",1
"2728",19
"2729",1
"2730",1
"2731",2
"2732",1
"2733",4
"2734",4
"2735",3
"2736",1
"2737",5
"2738",2
"2739",1
"2740",2
"2741",27
"2742",1
"2743",1
"2744",91
"2745",1
"2746",3
"2747",5
"2748",1
"2749",2
"2750",277
"2751",7
"2752",1
"2753",2
"2754",8
"2755",1
"2756",2
"2757",1
"2758",1
"2759",1
"2760",3
"2761",11
"2762",1
"2763",2
"2764",2
"2765",2
"2766",2
"2767",11
"2768",1
"2769",1
"2770",2
"2771",3
"2772",1
"2773",1
"2774",1
"2775",1
"2776",4
"2777",2
"2778",1
"2779",4
"2780",32
"2781",7
"2782",1
"2783",1
"2784",7
"2785",1
"2786",3
"2787",10
"2788",8
"2789",5
"2790",1
"2791",6
"2792",2
"2793",16
"2794",1
"2795",1
"2796",1
"2797",1
"2798",1
"2799",1
"2800",1
"2801",1
"2802",4
"2803",1
"2804",5
"2805",2
"2806",2
"2807",1
"2808",6
"2809",4
"2810",1
"2811",63
"2812",4
"2813",168
"2814",3
"2815",5
"2816",1
"2817",1
"2818",1
"2819",2
"2820",1
"2821",1
"2822",1
"2823",1
"2824",1
"2825",1
"2826",1
"2827",1
"2828",1
"2829",1
"2830",4
"2831",2
"2832",1
"2833",3
"2834",1
"2835",10
"2836",1
"2837",1
"2838",2
"2839",6
"2840",3
"2841",1
"2842",4
"2843",8
"2844",1
"2845",1
"2846",2
"2847",6
"2848",13
"2849",1
"2850",22
"2851",1
"2852",1
"2853",1
"2854",3
"2855",16
"2856",1
"2857",1
"2858",1
"2859",1
"2860",1
"2861",1
"2862",1
"2863",1
"2864",3
"2865",8
"2866",1
"2867",1
"2868",1
"2869",2
"2870",10
"2871",1
"2872",1
"2873",66
"2874",1
"2875",2
"2876",1
"2877",2
"2878",82
"2879",5
"2880",1
"2881",4
"2882",6
"2883",106
"2884",3
"2885",1
"2886",1
"2887",1
"2888",1
"2889",2
"2890",55
"2891",1
"2892",4
"2893",2
"2894",1
"2895",2
"2896",1
"2897",2
"2898",1
"2899",2
"2900",11
"2901",9
"2902",1
"2903",3
"2904",1
"2905",1
"2906",2
"2907",8
"2908",1
"2909",7
"2910",1
"2911",46
"2912",1
"2913",1
"2914",22
"2915",2
"2916",1
"2917",1
"2918",1
"2919",1
"2920",1
"2921",3
"2922",3
"2923",16
"2924",7
"2925",1
"2926",2
"2927",1
"2928",1
"2929",5
"2930",1
"2931",6
"2932",7
"2933",1
"2934",3
"2935",1
"2936",1
"2937",1
"2938",1
"2939",2
"2940",2
"2941",1
"2942",2
"2943",3
"2944",1
"2945",1
"2946",5982
"2947",4
"2948",1
"2949",1
"2950",4
"2951",1
"2952",2
"2953",7
"2954",6
"2955",1
"2956",2
"2957",3
"2958",3
"2959",2
"2960",4
"2961",1
"2962",1
"2963",1
"2964",1
"2965",1
"2966",1
"2967",1
"2968",1
"2969",5
"2970",1
"2971",1
"2972",9
"2973",1
"2974",7
"2975",1
"2976",1
"2977",1
"2978",1
"2979",1
"2980",1
"2981",5
"2982",1
"2983",1
"2984",2
"2985",1
"2986",1
"2987",1
"2988",3
"2989",1
"2990",1
"2991",4
"2992",1
"2993",1
"2994",1
"2995",1
"2996",1
"2997",1
"2998",4
"2999",1
"3000",2
"3001",1
"3002",1
"3003",2
"3004",1
"3005",1
"3006",1
"3007",1
"3008",1
"3009",2
"3010",5
"3011",1
"3012",4
"3013",1
"3014",25
"3015",1
"3016",1
"3017",1
"3018",19
"3019",16
"3020",2
"3021",1
"3022",2
"3023",1
"3024",1
"3025",5
"3026",1
"3027",1
"3028",1
"3029",3
"3030",1
"3031",2
"3032",1
"3033",1
"3034",1
"3035",1
"3036",7
"3037",1
"3038",1
"3039",1
"3040",1
"3041",1
"3042",2
"3043",1
"3044",2
"3045",1
"3046",1
"3047",11
"3048",1
"3049",9
"3050",3
"3051",1
"3052",43
"3053",1
"3054",1
"3055",1
"3056",1
"3057",2
"3058",2
"3059",4
"3060",5
"3061",1
"3062",1
"3063",1
"3064",2
"3065",1
"3066",1
"3067",1
"3068",7
"3069",1
"3070",1
"3071",1
"3072",2
"3073",1
"3074",1
"3075",6228
"3076",2
"3077",3
"3078",10
"3079",1
"3080",4
"3081",2
"3082",1
"3083",1
"3084",3
"3085",1
"3086",13
"3087",1
"3088",2
"3089",1
"3090",1
"3091",1
"3092",1
"3093",1
"3094",10
"3095",1
"3096",1
"3097",1
"3098",2
"3099",1
"3100",3
"3101",1
"3102",1
"3103",1
"3104",1
"3105",1
"3106",4
"3107",1
"3108",1
"3109",2
"3110",1
"3111",4
"3112",1
"3113",1
"3114",1
"3115",1
"3116",1
"3117",1
"3118",1
"3119",6
"3120",1
"3121",3
"3122",3
"3123",1
"3124",1
"3125",1
"3126",1
"3127",1
"3128",1
"3129",1
"3130",7
"3131",1
"3132",3
"3133",2
"3134",1
"3135",1
"3136",1
"3137",1
"3138",4
"3139",1
"3140",1
"3141",1
"3142",3
"3143",1
"3144",1
"3145",1
"3146",2
"3147",1
"3148",1
"3149",1
"3150",1
"3151",1
"3152",1
"3153",1
"3154",1
"3155",3
"3156",3
"3157",1
"3158",1
"3159",2
"3160",1
"3161",1
"3162",1
"3163",1
"3164",1
"3165",10
"3166",5
"3167",1
"3168",1
"3169",6
"3170",5
"3171",3
"3172",1
"3173",3
"3174",1
"3175",1
"3176",1
"3177",9
"3178",2
"3179",5
"3180",6102
"3181",1
"3182",5
"3183",1
"3184",1
"3185",1
"3186",1
"3187",2
"3188",1
"3189",1
"3190",7
"3191",1
"3192",13
"3193",1
"3194",1
"3195",1
"3196",1
"3197",1
"3198",2
"3199",1
"3200",1
"3201",1
"3202",11
"3203",1
"3204",1
"3205",1
"3206",1
"3207",1
"3208",1
"3209",2
"3210",1
"3211",2
"3212",1
"3213",1
"3214",1
"3215",1
"3216",1
"3217",1
"3218",2
"3219",2
"3220",1
"3221",1
"3222",1
"3223",1
"3224",1
"3225",24
"3226",1
"3227",1
"3228",2
"3229",4
"3230",10
"3231",1
"3232",1
"3233",1
"3234",1
"3235",1
"3236",10
"3237",1
"3238",1
"3239",7
"3240",1
"3241",1
"3242",1
"3243",1
"3244",1
"3245",2
"3246",1
"3247",1
"3248",1
"3249",1
"3250",1
"3251",3
"3252",2
"3253",1
"3254",20
"3255",1
"3256",1
"3257",1
"3258",1
"3259",2
"3260",1
"3261",1
"3262",1
"3263",1
"3264",1
"3265",1
"3266",1
"3267",1
"3268",7
"3269",1
"3270",1
"3271",3
"3272",1
"3273",2
"3274",1
"3275",1
"3276",6099
"3277",2
"3278",24
"3279",2
"3280",1
"3281",1
"3282",1
"3283",1
"3284",1
"3285",1
"3286",1
"3287",1
"3288",2
"3289",5
"3290",4
"3291",1
"3292",5
"3293",1
"3294",1
"3295",2
"3296",1
"3297",1
"3298",4
"3299",3
"3300",2
"3301",2
"3302",8
"3303",1
"3304",1
"3305",1
"3306",2
"3307",1
"3308",1
"3309",1
"3310",1
"3311",3
"3312",1
"3313",1
"3314",1
"3315",1
"3316",1
"3317",1
"3318",7
"3319",1
"3320",1
"3321",1
"3322",1
"3323",1
"3324",2
"3325",1
"3326",1
"3327",2
"3328",1
"3329",1
"3330",2
"3331",1
"3332",3
"3333",1
"3334",1
"3335",1
"3336",3
"3337",2
"3338",1
"3339",1
"3340",1
"3341",1
"3342",1
"3343",1
"3344",1
"3345",3
"3346",2
"3347",1
"3348",8
"3349",5
"3350",1
"3351",1
"3352",1
"3353",1
"3354",1
"3355",1
"3356",3
"3357",2
"3358",1
"3359",1
"3360",3
"3361",3
"3362",1
"3363",1
"3364",1
"3365",7
"3366",2
"3367",1
"3368",1
"3369",1
"3370",1
"3371",1
"3372",2
"3373",1
"3374",1
"3375",9
"3376",8
"3377",1
"3378",1
"3379",3
"3380",1
"3381",2
"3382",1
"3383",5
"3384",2
"3385",1
"3386",1
"3387",3
"3388",1
"3389",1
"3390",1
"3391",2
"3392",3
"3393",1
"3394",1
"3395",5782
"3396",1
"3397",1
"3398",1
"3399",1
"3400",1
"3401",1
"3402",9
"3403",1
"3404",4
"3405",1
"3406",1
"3407",3
"3408",1
"3409",1
"3410",1
"3411",1
"3412",1
"3413",1
"3414",1
"3415",1
"3416",1
"3417",4
"3418",1
"3419",1
"3420",1
"3421",1
"3422",2
"3423",1
"3424",5
"3425",1
"3426",8
"3427",5
"3428",1
"3429",1
"3430",1
"3431",1
"3432",1
"3433",9
"3434",1
"3435",1
"3436",1
"3437",1
"3438",2
"3439",11
"3440",1
"3441",1
"3442",3
"3443",1
"3444",1
"3445",1
"3446",1
"3447",3
"3448",1
"3449",1
"3450",1
"3451",1
"3452",1
"3453",2
"3454",1
"3455",6
"3456",7
"3457",1
"3458",2
"3459",4
"3460",1
"3461",2
"3462",1
"3463",1
"3464",2
"3465",169
"3466",1
"3467",1
"3468",2
"3469",1
"3470",1
"3471",1
"3472",2
"3473",2
"3474",6
"3475",6
"3476",1
"3477",1
"3478",8
"3479",1
"3480",1
"3481",3
"3482",5
"3483",1
"3484",26
"3485",12
"3486",1
"3487",2
"3488",4
"3489",1
"3490",1
"3491",2
"3492",2
"3493",2
"3494",1
"3495",1
"3496",1
"3497",1
"3498",5
"3499",2
"3500",1
"3501",2
"3502",1
"3503",2
"3504",1
"3505",1
"3506",1
"3507",1
"3508",6
"3509",2
"3510",5
"3511",1
"3512",1
"3513",1
"3514",4
"3515",1
"3516",1
"3517",1
"3518",1
"3519",1
"3520",1
"3521",1
"3522",1
"3523",1
"3524",1
"3525",1
"3526",1
"3527",1
"3528",6
"3529",2
"3530",1
"3531",2
"3532",1
"3533",1
"3534",1
"3535",1
"3536",1
"3537",2
"3538",1
"3539",1
"3540",1
"3541",1
"3542",5968
"3543",1
"3544",1
"3545",1
"3546",4
"3547",1
"3548",1
"3549",1
"3550",3
"3551",2
"3552",1
"3553",1
"3554",1
"3555",1
"3556",1
"3557",1
"3558",2
"3559",2
"3560",2
"3561",1
"3562",1
"3563",1
"3564",1
"3565",8
"3566",2
"3567",1
"3568",1
"3569",1
"3570",6
"3571",1
"3572",3
"3573",1
"3574",1
"3575",1
"3576",1
"3577",1
"3578",6
"3579",1
"3580",1
"3581",1
"3582",1
"3583",3
"3584",4
"3585",1
"3586",1
"3587",1
"3588",1
"3589",1
"3590",1
"3591",6
"3592",1
"3593",2
"3594",5
"3595",2
"3596",1
"3597",3
"3598",3
"3599",10
"3600",1
"3601",1
"3602",1
"3603",1
"3604",1
"3605",2
"3606",1
"3607",1
"3608",1
"3609",1
"3610",1
"3611",1
"3612",1
"3613",1
"3614",3
"3615",11
"3616",2
"3617",2
"3618",1
"3619",1
"3620",1
"3621",1
"3622",6
"3623",1
"3624",8
"3625",7
"3626",4
"3627",1
"3628",1
"3629",3
"3630",5
"3631",1
"3632",1
"3633",1
"3634",1
"3635",1
"3636",7
"3637",1
"3638",1
"3639",1
"3640",1
"3641",1
"3642",1
"3643",4
"3644",1
"3645",1
"3646",1
"3647",1
"3648",1
"3649",1
"3650",5
"3651",27
"3652",1
"3653",2
"3654",4
"3655",1
"3656",2
"3657",1
"3658",6
"3659",1
"3660",1
"3661",1
"3662",1
"3663",1
"3664",11
"3665",1
"3666",1
"3667",1
"3668",3
"3669",1
"3670",1
"3671",1
"3672",2
"3673",1
"3674",1
"3675",1
"3676",1
"3677",20
"3678",1
"3679",1
"3680",1
"3681",1
"3682",2
"3683",1
"3684",1
"3685",2
"3686",1
"3687",1
"3688",1
"3689",6118
"3690",16
"3691",4
"3692",11
"3693",2
"3694",1
"3695",1
"3696",1
"3697",4
"3698",1
"3699",2
"3700",2
"3701",4
"3702",2
"3703",2
"3704",1
"3705",3
"3706",1
"3707",1
"3708",2
"3709",1
"3710",1
"3711",1
"3712",1
"3713",2
"3714",1
"3715",1
"3716",2
"3717",1
"3718",1
"3719",18
"3720",1
"3721",1
"3722",1
"3723",1
"3724",1
"3725",2
"3726",1
"3727",1
"3728",1
"3729",2
"3730",1
"3731",5
"3732",24
"3733",1
"3734",3
"3735",1
"3736",1
"3737",3
"3738",1
"3739",1
"3740",1
"3741",1
"3742",1
"3743",1
"3744",1
"3745",1
"3746",1
"3747",1
"3748",1
"3749",2
"3750",1
"3751",3
"3752",2
"3753",1
"3754",14
"3755",1
"3756",1
"3757",8
"3758",1
"3759",1
"3760",1
"3761",1
"3762",1
"3763",1
"3764",3
"3765",3
"3766",1
"3767",2
"3768",1
"3769",3
"3770",6
"3771",1
"3772",2
"3773",1
"3774",6
"3775",1
"3776",2
"3777",3
"3778",1
"3779",1
"3780",1
"3781",1
"3782",3
"3783",1
"3784",1
"3785",1
"3786",6
"3787",1
"3788",1
"3789",2
"3790",2
"3791",1
"3792",1
"3793",1
"3794",1
"3795",1
"3796",1
"3797",2
"3798",1
"3799",1
"3800",1
"3801",1
"3802",3
"3803",1
"3804",2
"3805",2
"3806",2
"3807",1
"3808",1
"3809",6
"3810",1
"3811",1
"3812",6074
"3813",31
"3814",3
"3815",1
"3816",1
"3817",1
"3818",1
"3819",1
"3820",1
"3821",1
"3822",7
"3823",1
"3824",2
"3825",1
"3826",1
"3827",1
"3828",2
"3829",1
"3830",2
"3831",1
"3832",2
"3833",4
"3834",1
"3835",1
"3836",1
"3837",1
"3838",1
"3839",1
"3840",6
"3841",1
"3842",1
"3843",1
"3844",1
"3845",2
"3846",2
"3847",1
"3848",1
"3849",4
"3850",1
"3851",3
"3852",1
"3853",1
"3854",1
"3855",1
"3856",1
"3857",1
"3858",1
"3859",5
"3860",2
"3861",1
"3862",1
"3863",1
"3864",1
"3865",2
"3866",1
"3867",1
"3868",1
"3869",3
"3870",1
"3871",1
"3872",1
"3873",1
"3874",1
"3875",1
"3876",2
"3877",3
"3878",3
"3879",8
"3880",2
"3881",1
"3882",1
"3883",1
"3884",3
"3885",1
"3886",5
"3887",2
"3888",1
"3889",3
"3890",4
"3891",1
"3892",1
"3893",1
"3894",2
"3895",1
"3896",1
"3897",1
"3898",1
"3899",1
"3900",1
"3901",1
"3902",1
"3903",1
"3904",1
"3905",4
"3906",1
"3907",1
"3908",1
"3909",3
"3910",3
"3911",1
"3912",1
"3913",1
"3914",1
"3915",1
"3916",1
"3917",5
"3918",1
"3919",1
"3920",1
"3921",1
"3922",1
"3923",5
"3924",1
"3925",1
"3926",5
"3927",1
"3928",7
"3929",1
"3930",4
"3931",8
"3932",3
"3933",14
"3934",1
"3935",1
"3936",1
"3937",1
"3938",1
"3939",1
"3940",1
"3941",1
"3942",6022
"3943",5
"3944",1
"3945",1
"3946",1
"3947",1
"3948",1
"3949",1
"3950",1
"3951",1
"3952",1
"3953",1
"3954",1
"3955",1
"3956",1
"3957",1
"3958",1
"3959",1
"3960",1
"3961",1
"3962",4
"3963",1
"3964",1
"3965",6
"3966",1
"3967",1
"3968",1
"3969",2
"3970",5
"3971",1
"3972",1
"3973",11
"3974",4
"3975",1
"3976",4
"3977",1
"3978",1
"3979",1
"3980",1
"3981",1
"3982",1
"3983",22
"3984",3
"3985",1
"3986",3
"3987",1
"3988",1
"3989",2
"3990",2
"3991",2
"3992",1
"3993",4
"3994",1
"3995",1
"3996",1
"3997",1
"3998",1
"3999",1
"4000",1
"4001",1
"4002",4
"4003",4
"4004",6
"4005",1
"4006",6
"4007",1
"4008",1
"4009",4
"4010",1
"4011",3
"4012",2
"4013",1
"4014",1
"4015",2
"4016",1
"4017",8
"4018",1
"4019",2
"4020",9
"4021",4
"4022",1
"4023",1
"4024",1
"4025",2
"4026",4
"4027",1
"4028",1
"4029",5
"4030",2
"4031",1
"4032",2
"4033",7
"4034",2
"4035",1
"4036",1
"4037",1
"4038",1
"4039",3
"4040",1
"4041",5
"4042",2
"4043",1
"4044",1
"4045",1
"4046",4
"4047",1
"4048",2
"4049",1
"4050",1
"4051",3
"4052",1
"4053",1
"4054",1
"4055",10
"4056",1
"4057",3
"4058",1
"4059",1
"4060",1
"4061",1
"4062",4
"4063",1
"4064",1
"4065",1
"4066",7
"4067",1
"4068",2
"4069",3
"4070",18
"4071",1
"4072",1
"4073",1
"4074",1
"4075",1
"4076",1
"4077",3
"4078",5986
"4079",1
"4080",15
"4081",1
"4082",1
"4083",2
"4084",1
"4085",1
"4086",5
"4087",1
"4088",1
"4089",3
"4090",1
"4091",2
"4092",1
"4093",3
"4094",2
"4095",2
"4096",2
"4097",1
"4098",2
"4099",1
"4100",7
"4101",1
"4102",4
"4103",1
"4104",2
"4105",1
"4106",2
"4107",1
"4108",1
"4109",8
"4110",2
"4111",1
"4112",3
"4113",2
"4114",2
"4115",1
"4116",1
"4117",1
"4118",11
"4119",1
"4120",4
"4121",1
"4122",4
"4123",1
"4124",3
"4125",1
"4126",2
"4127",1
"4128",26
"4129",3
"4130",2
"4131",1
"4132",3
"4133",3
"4134",1
"4135",1
"4136",2
"4137",1
"4138",69
"4139",1
"4140",24
"4141",1
"4142",1
"4143",6
"4144",3
"4145",1
"4146",1
"4147",1
"4148",2
"4149",20
"4150",2
"4151",5
"4152",5
"4153",1
"4154",1
"4155",1
"4156",2
"4157",5
"4158",2
"4159",1
"4160",1
"4161",1
"4162",1
"4163",1
"4164",1
"4165",1
"4166",1
"4167",2
"4168",1
"4169",1
"4170",1
"4171",3
"4172",1
"4173",1
"4174",1
"4175",1
"4176",1
"4177",2
"4178",33
"4179",1
"4180",3
"4181",1
"4182",1
"4183",5
"4184",1
"4185",1
"4186",1
"4187",1
"4188",4
"4189",1
"4190",1
"4191",1
"4192",3
"4193",1
"4194",1
"4195",1
"4196",10
"4197",1
"4198",1
"4199",4
"4200",1
"4201",3
"4202",4
"4203",2
"4204",2
"4205",7333
"4206",1
"4207",1
"4208",1
"4209",1
"4210",1
"4211",4
"4212",1
"4213",1
"4214",1
"4215",1
"4216",1
"4217",1
"4218",1
"4219",1
"4220",1
"4221",1
"4222",1
"4223",2
"4224",1
"4225",1
"4226",1
"4227",2
"4228",1
"4229",1
"4230",1
"4231",1
"4232",1
"4233",2
"4234",1
"4235",1
"4236",2
"4237",1
"4238",1
"4239",4
"4240",2
"4241",1
"4242",7351
"4243",1
"4244",2
"4245",1
"4246",1
"4247",1
"4248",1
"4249",1
"4250",1
"4251",4
"4252",1
"4253",1
"4254",1
"4255",5
"4256",3
"4257",3
"4258",1
"4259",1
"4260",1
"4261",1
"4262",1
"4263",1
"4264",1
"4265",1
"4266",1
"4267",1
"4268",1
"4269",2
"4270",3
"4271",1
"4272",1
"4273",1
"4274",1
"4275",1
"4276",4
"4277",7
"4278",1
"4279",1
"4280",1
"4281",1
"4282",1
"4283",7440
"4284",1
"4285",1
"4286",2
"4287",2
"4288",3
"4289",1
"4290",2
"4291",2
"4292",1
"4293",1
"4294",1
"4295",1
"4296",1
"4297",3
"4298",1
"4299",1
"4300",1
"4301",1
"4302",1
"4303",1
"4304",2
"4305",1
"4306",1
"4307",1
"4308",4
"4309",1
"4310",2
"4311",1
"4312",5
"4313",1
"4314",1
"4315",2
"4316",1
"4317",1
"4318",1
"4319",1
"4320",1
"4321",7486
"4322",1
"4323",1
"4324",1
"4325",1
"4326",1
"4327",1
"4328",1
"4329",1
"4330",1
"4331",2
"4332",1
"4333",1
"4334",1
"4335",5
"4336",1
"4337",1
"4338",1
"4339",1
"4340",1
"4341",1
"4342",1
"4343",2
"4344",1
"4345",1
"4346",1
"4347",4
"4348",4
"4349",1
"4350",6
"4351",1
"4352",7308
"4353",2
"4354",8
"4355",1
"4356",7
"4357",1
"4358",1
"4359",1
"4360",1
"4361",1
"4362",5
"4363",1
"4364",2
"4365",2
"4366",1
"4367",3
"4368",2
"4369",1
"4370",1
"4371",1
"4372",1
"4373",1
"4374",1
"4375",1
"4376",2
"4377",1
"4378",1
"4379",2
"4380",2
"4381",1
"4382",3
"4383",1
"4384",1
"4385",2
"4386",1
"4387",1
"4388",4
"4389",1
"4390",1
"4391",1
"4392",1
"4393",1
"4394",1
"4395",13
"4396",7422
"4397",1
"4398",1
"4399",1
"4400",1
"4401",1
"4402",1
"4403",1
"4404",1
"4405",1
"4406",1
"4407",2
"4408",1
"4409",1
"4410",1
"4411",2
"4412",1
"4413",1
"4414",1
"4415",1
"4416",1
"4417",1
"4418",1
"4419",14
"4420",1
"4421",1
"4422",2
"4423",2
"4424",1
"4425",3
"4426",1
"4427",1
"4428",1
"4429",1
"4430",2
"4431",1
"4432",1
"4433",1
"4434",1
"4435",1
"4436",1
"4437",1
"4438",1
"4439",1
"4440",1
"4441",2
"4442",2
"4443",2
"4444",1
"4445",7212
"4446",2
"4447",1
"4448",1
"4449",1
"4450",1
"4451",1
"4452",4
"4453",1
"4454",1
"4455",2
"4456",2
"4457",1
"4458",1
"4459",1
"4460",1
"4461",3
"4462",1
"4463",2
"4464",1
"4465",8
"4466",3
"4467",2
"4468",1
"4469",1
"4470",1
"4471",1
"4472",1
"4473",1
"4474",1
"4475",2
"4476",1
"4477",1
"4478",1
"4479",2
"4480",2
"4481",3
"4482",1
"4483",1
"4484",1
"4485",7203
"4486",2
"4487",1
"4488",1
"4489",1
"4490",1
"4491",3
"4492",3
"4493",1
"4494",1
"4495",1
"4496",1
"4497",1
"4498",1
"4499",1
"4500",1
"4501",1
"4502",1
"4503",1
"4504",1
"4505",1
"4506",1
"4507",2
"4508",1
"4509",2
"4510",17
"4511",1
"4512",1
"4513",1
"4514",1
"4515",1
"4516",1
"4517",1
"4518",1
"4519",1
"4520",3
"4521",1
"4522",1
"4523",7
"4524",1
"4525",1
"4526",1
"4527",7351
"4528",1
"4529",1
"4530",1
"4531",1
"4532",1
"4533",1
"4534",1
"4535",1
"4536",1
"4537",4
"4538",2
"4539",1
"4540",2
"4541",1
"4542",3
"4543",1
"4544",1
"4545",1
"4546",1
"4547",3
"4548",1
"4549",8
"4550",17
"4551",1
"4552",1
"4553",1
"4554",1
"4555",4
"4556",1
"4557",4
"4558",1
"4559",2
"4560",1
"4561",1
"4562",1
"4563",1
"4564",1
"4565",1
"4566",2
"4567",2
"4568",1
"4569",1
"4570",1
"4571",1
"4572",1
"4573",1
"4574",1
"4575",1
"4576",1
"4577",7217
"4578",2
"4579",1
"4580",1
"4581",2
"4582",1
"4583",1
"4584",1
"4585",1
"4586",1
"4587",1
"4588",2
"4589",1
"4590",1
"4591",46
"4592",1
"4593",2
"4594",2
"4595",1
"4596",1
"4597",1
"4598",1
"4599",5
"4600",3
"4601",1
"4602",1
"4603",2
"4604",1
"4605",1
"4606",1
"4607",2
"4608",1
"4609",1
"4610",1
"4611",3
"4612",1
"4613",1
"4614",1
"4615",1
"4616",2
"4617",2
"4618",1
"4619",1
"4620",1
"4621",1
"4622",5
"4623",1
"4624",1
"4625",1
"4626",1
"4627",1
